{
  "project_info": {
    "project_number": "358733465848",
    "project_id": "facedetectionattendance-e4764",
    "storage_bucket": "facedetectionattendance-e4764.firebasestorage.app"
  },
  "client": [
    {
      "client_info": {
        "mobilesdk_app_id": "1:358733465848:android:f8f16e9fcd78f1d33ed30d",
        "android_client_info": {
          "package_name": "com.example.untitled"
        }
      },
      "oauth_client": [],
      "api_key": [
        {
          "current_key": "AIzaSyBXokb3XdJ0MF52Pif6fWCd2xT94J2rhyk"
        }
      ],
      "services": {
        "appinvite_service": {
          "other_platform_oauth_client": []
        }
      }
    }
  ],
  "configuration_version": "1"
}